Nombre,Rol
Sharon Aguilar,Admin
Daniel Diaz,Admin
María Torres,Usuario
Mónica Martínez,Usuario
Héctor Sánchez,Usuario
Pedro Romero,Usuario
Carlos Martínez,Usuario
Paula Rodríguez,Usuario
Héctor Gómez,Usuario
Valentina Díaz,Usuario
María Rodríguez,Usuario
Pedro Romero,Usuario
Valentina Martínez,Usuario
Sofía Rodríguez,Usuario
Raúl Pérez,Usuario
Luis Fernández,Usuario
Mónica Rodríguez,Usuario
Paula Gómez,Usuario
Héctor Díaz,Usuario
Luis Torres,Usuario
Sofía Romero,Usuario
Ana Romero,Usuario
Carlos Rodríguez,Usuario
Camila Torres,Usuario
Camila Torres,Usuario
Raúl Vargas,Usuario
María Sánchez,Usuario
Mónica Torres,Usuario
Andrés Díaz,Usuario
Ana Martínez,Usuario
Sebastián Gómez,Usuario
Lucía Fernández,Usuario
Ana Gómez,Usuario
Carlos Rodríguez,Usuario
Paula Gómez,Usuario
María Pérez,Usuario
Mónica Torres,Usuario
Diego Sánchez,Usuario
Sofía Torres,Usuario
Paula Fernández,Usuario
Camila Martínez,Usuario
Sofía Martínez,Usuario
María Díaz,Usuario
Valentina Romero,Usuario
Elena Pérez,Usuario
Valentina Romero,Usuario
Sebastián Martínez,Usuario
Pedro Sánchez,Usuario
Diego Martínez,Usuario
Valentina Gómez,Usuario
Jorge Romero,Usuario
Carlos Gómez,Usuario
Valentina Gómez,Usuario
Ana Torres,Usuario
Jorge Fernández,Usuario
Luis Gómez,Usuario
Camila Torres,Usuario
María Vargas,Usuario
Héctor Torres,Usuario
Raúl Torres,Usuario
Mónica Romero,Usuario
Andrés Fernández,Usuario
Sebastián Sánchez,Usuario
Carlos Pérez,Usuario
Paula Gómez,Usuario
Andrés Romero,Usuario
Mónica Fernández,Usuario
María Torres,Usuario
Luis Gómez,Usuario
Héctor Romero,Usuario
Fernando Díaz,Usuario
Lucía Vargas,Usuario
Elena Martínez,Usuario
Ana Gómez,Usuario
Camila Torres,Usuario
Valentina Martínez,Usuario
Raúl Torres,Usuario
Héctor Vargas,Usuario
Pedro Fernández,Usuario
Andrés Torres,Usuario
Raúl Torres,Usuario
Andrés Gómez,Usuario
Carlos Rodríguez,Usuario
Elena Sánchez,Usuario
Héctor Fernández,Usuario
Elena Gómez,Usuario
Mónica Rodríguez,Usuario
Diana Vargas,Usuario
Diego Romero,Usuario
Valentina Pérez,Usuario
María Rodríguez,Usuario
Carlos Rodríguez,Usuario
Fernando Romero,Usuario
Jorge Martínez,Usuario
Diego Martínez,Usuario
Paula Sánchez,Usuario
Héctor Rodríguez,Usuario
Diego Pérez,Usuario
Jorge Romero,Usuario
Valentina Romero,Usuario
